respondent.id,pov6.rep
2016_9,1
2016_15,4
2016_16,4
2016_24,4
2016_32,4
2016_38,6
2016_39,4
2016_40,4
2016_47,4
2016_51,2
2016_57,1
2016_63,4
2016_82,1
2016_91,4
2016_92,4
2016_96,4
2016_97,2
2016_100,4
2016_103,4
2016_105,1
2016_109,4
2016_110,4
2016_112,4
2016_117,4
2016_119,6
2016_122,4
2016_128,6
2016_131,4
2016_133,4
2016_141,1
2016_145,2
2016_153,4
2016_165,4
2016_166,2
2016_169,4
2016_172,4
2016_176,1
2016_177,6
2016_182,6
2016_188,4
2016_191,6
2016_206,4
2016_211,1
2016_214,1
2016_215,1
2016_216,6
2016_250,4
2016_252,4
2016_253,4
2016_260,4
2016_264,6
2016_267,2
2016_270,1
2016_278,2
2016_279,4
2016_291,6
2016_294,4
2016_299,6
2016_300,6
2016_302,1
2016_305,1
2016_307,4
2016_311,1
2016_313,4
2016_315,4
2016_317,2
2016_323,2
2016_326,1
2016_330,2
2016_337,6
2016_339,4
2016_340,6
2016_342,1
2016_343,1
2016_349,1
2016_359,1
2016_361,1
2016_366,2
2016_371,6
2016_381,4
2016_385,6
2016_386,1
2016_390,1
2016_401,6
2016_403,6
2016_404,4
2016_409,4
2016_411,1
2016_420,4
2016_421,1
2016_425,2
2016_444,2
2016_463,6
2016_470,1
2016_472,1
2016_477,1
2016_478,4
2016_487,4
2016_488,4
2016_490,4
2016_493,4
2016_501,6
2016_503,1
2016_507,4
2016_523,1
2016_532,1
2016_534,4
2016_535,4
2016_538,1
2016_541,4
2016_546,4
2016_555,1
2016_558,1
2016_559,1
2016_560,4
2016_562,4
2016_567,4
2016_574,1
2016_577,4
2016_581,6
2016_583,4
2016_586,4
2016_587,2
2016_609,6
2016_613,6
2016_623,2
2016_626,1
2016_627,4
2016_632,4
2016_637,6
2016_641,6
2016_647,6
2016_648,6
2016_653,6
2016_665,6
2016_672,1
2016_674,6
2016_677,4
2016_679,1
2016_680,4
2016_698,4
2016_710,6
2016_713,2
2016_714,6
2016_715,6
2016_717,2
2016_724,4
2016_729,6
2016_732,2
2016_736,6
2016_739,2
2016_748,6
2016_757,4
2016_760,2
2016_762,4
2016_766,4
2016_770,2
2016_772,4
2016_791,4
2016_793,2
2016_794,1
2016_801,1
2016_802,6
2016_813,4
2016_816,4
2016_828,2
2016_852,2
2016_857,6
2016_870,2
2016_881,3
2016_895,1
2016_906,4
2016_912,2
2016_915,6
2016_930,6
2016_933,2
2016_940,4
2016_943,4
2016_945,6
2016_946,6
2016_949,4
2016_950,4
2016_951,6
2016_953,2
2016_954,4
2016_958,2
2016_960,6
2016_966,6
2016_967,6
2016_974,1
2016_985,1
2016_986,6
2016_990,4
2016_995,1
2016_997,4
2016_1000,6
2016_1001,6
2016_1007,1
2016_1025,6
2016_1029,4
2016_1032,1
2016_1034,1
2016_1039,4
2016_1048,4
2016_1049,4
2016_1050,4
2016_1057,4
2016_1059,4
2016_1064,4
2016_1094,1
2016_1099,4
2016_1102,4
2016_1110,6
2016_1112,6
2016_1127,2
2016_1141,4
2016_1143,6
2016_1144,2
2016_1150,4
2016_1155,4
2016_1161,6
2016_1165,4
2016_1166,4
2016_1168,4
2016_1182,6
2016_1184,6
2016_1186,6
2016_1187,2
2016_1190,4
2016_1191,4
2016_1193,1
2016_1206,4
2016_1207,4
2016_1208,1
2016_1213,2
2016_1225,6
2016_1226,3
2016_1228,6
2016_1229,4
2016_1231,6
2016_1239,4
2016_1244,1
2016_1254,4
2016_1258,6
2016_1263,1
2016_1264,1
2016_1265,4
2016_1270,6
2016_1272,6
2016_1275,4
2016_1278,4
2016_1279,4
2016_1287,4
2016_1306,4
2016_1308,1
2016_1309,4
2016_1327,4
2016_1334,1
2016_1339,1
2016_1340,4
2016_1357,6
2016_1361,4
2016_1368,6
2016_1371,6
2016_1375,4
2016_1378,4
2016_1387,4
2016_1389,1
2016_1405,4
2016_1408,4
2016_1429,4
2016_1431,6
2016_1442,4
2016_1443,1
2016_1446,4
2016_1467,3
2016_1472,1
2016_1478,6
2016_1482,4
2016_1485,4
2016_1492,6
2016_1499,4
2016_1514,2
2016_1522,2
2016_1529,1
2016_1530,1
2016_1534,4
2016_1535,4
2016_1540,4
2016_1543,4
2016_1548,2
2016_1550,4
2016_1560,1
2016_1561,4
2016_1564,4
2016_1566,1
2016_1569,3
2016_1571,6
2016_1583,1
2016_1584,6
2016_1585,6
2016_1590,4
2016_1591,6
2016_1595,1
2016_1597,4
2016_1598,4
2016_1600,6
2016_1602,3
2016_1605,6
2016_1609,1
2016_1612,4
2016_1614,1
2016_1624,1
2016_1632,1
2016_1644,6
2016_1653,4
2016_1661,6
2016_1662,6
2016_1665,6
2016_1673,2
2016_1678,1
2016_1683,4
2016_1699,2
2016_1700,1
2016_1701,2
2016_1704,4
2016_1705,4
2016_1713,2
2016_1716,6
2016_1720,2
2016_1722,1
2016_1723,6
2016_1725,2
2016_1727,1
2016_1741,1
2016_1743,1
2016_1745,4
2016_1748,6
2016_1751,4
2016_1773,3
2016_1777,6
2016_1780,1
2016_1788,4
2016_1793,4
2016_1798,1
2016_1807,4
2016_1811,1
2016_1814,1
2016_1818,6
2016_1832,2
2016_1833,2
2016_1834,6
2016_1838,4
2016_1839,4
2016_1844,1
2016_1849,4
2016_1859,1
2016_1864,3
2016_1869,1
2016_1875,6
2016_1877,6
2016_1879,1
2016_1880,4
2016_1881,4
2016_1885,2
2016_1889,3
2016_1891,6
2016_1895,4
2016_1896,4
2016_1905,4
2016_1906,2
2016_1909,1
2016_1911,1
2016_1920,4
2016_1927,3
2016_1928,4
2016_1933,4
2016_1941,6
2016_1942,4
2016_1947,4
2016_1953,6
2016_1958,6
2016_1962,6
2016_1963,1
2016_1965,4
2016_1966,4
2016_1972,6
2016_2000,4
2016_2003,6
2016_2014,4
2016_2016,6
2016_2022,4
2016_2023,4
2016_2024,4
2016_2028,6
2016_2042,4
2016_2050,6
2016_2055,6
2016_2057,6
2016_2061,6
2016_2072,4
2016_2075,4
2016_2080,6
2016_2085,6
2016_2087,3
2016_2090,4
2016_2095,4
2016_2099,4
2016_2100,4
2016_2104,4
2016_2106,4
2016_2113,4
2016_2115,1
2016_2121,4
2016_2481,4
2016_2486,1
2016_2487,4
2016_2491,4
2016_2492,4
2016_2497,4
2016_2498,1
2016_2500,4
2016_2502,6
2016_2504,4
2016_2512,4
2016_2518,1
2016_2523,6
2016_2525,6
2016_2528,4
2016_2541,1
2016_2553,2
2016_2563,6
2016_2567,4
2016_2570,4
2016_2571,6
2016_2580,6
2016_2582,4
2016_2594,1
2016_2619,1
2016_2622,4
2016_2624,4
2016_2627,4
2016_2630,1
2016_2642,2
2016_2645,1
2016_2651,6
2016_2658,4
2016_2659,4
2016_2663,1
2016_2674,1
2016_2688,6
2016_2691,6
2016_2693,4
2016_2694,4
2016_2698,4
2016_2708,1
2016_2725,1
2016_2726,6
2016_2731,6
2016_2737,6
2016_2743,1
2016_2754,6
2016_2757,6
2016_2760,6
2016_2763,6
2016_2766,2
2016_2770,6
2016_2774,4
2016_2775,4
2016_2776,4
2016_2779,4
2016_2786,4
2016_2794,6
2016_2795,4
2016_2811,6
2016_2816,1
2016_2819,2
2016_2826,2
2016_2830,6
2016_2839,2
2016_2840,1
2016_2859,6
2016_2860,4
2016_2866,4
2016_2867,5
2016_2868,2
2016_2878,4
2016_2891,6
2016_2894,6
2016_2896,4
2016_2897,6
2016_2905,1
2016_2914,4
2016_2918,4
2016_2920,4
2016_2922,4
2016_2932,6
2016_2937,4
2016_2945,2
2016_2946,4
2016_2948,4
2016_2950,4
2016_2956,3
2016_2962,2
2016_2963,2
2016_2964,1
2016_2967,4
2016_2969,6
2016_2973,4
2016_2977,6
2016_2980,4
2016_2986,4
2016_2991,4
2016_3005,4
2016_3007,4
2016_3018,4
2016_3024,4
2016_3029,4
2016_3035,4
2016_3041,1
2016_3043,4
2016_3044,4
2016_3053,4
2016_3057,1
2016_3059,6
2016_3062,6
2016_3063,1
2016_3064,4
2016_3072,4
2016_3074,4
2016_3081,1
2016_3082,1
2016_3087,4
2016_3092,4
2016_3102,4
2016_3106,6
2016_3110,4
2016_3112,6
2016_3120,6
2016_3131,4
2016_3148,2
2016_3157,6
2016_3158,1
2016_3164,1
2016_3165,2
2016_3166,6
2016_3168,5
2016_3173,6
2016_3178,4
2016_3181,1
2016_3182,6
2016_3197,1
2016_3200,6
2016_3206,6
2016_3208,4
2016_3220,6
2016_3225,4
2016_3228,6
2016_3229,2
2016_3240,4
2016_3245,6
2016_3246,6
2016_3247,6
2016_3251,4
2016_3257,6
2016_3270,1
2016_3272,4
2016_3279,2
2016_3281,4
2016_3285,1
2016_3287,3
2016_3292,4
2016_3296,4
2016_3308,4
2016_3321,4
2016_3323,4
2016_3328,4
2016_3333,4
2016_3336,6
2016_3351,1
2016_3366,2
2016_3377,1
2016_3379,4
2016_3389,6
2016_3390,4
2016_3393,4
2016_3404,6
2016_3406,6
2016_3415,6
2016_3429,4
2016_3430,2
2016_3436,1
2016_3438,1
2016_3439,5
2016_3442,4
2016_3447,6
2016_3450,6
2016_3456,4
2016_3458,4
2016_3463,4
2016_3474,6
2016_3475,6
2016_3477,4
2016_3478,4
2016_3495,1
2016_3496,1
2016_3499,2
2016_3501,1
2016_3504,1
2016_3506,1
2016_3509,6
2016_3511,2
2016_3517,4
2016_3518,2
2016_3525,1
2016_3543,4
2016_3547,6
2016_3573,1
2016_3579,4
2016_3585,6
2016_3593,2
2016_3595,1
2016_3596,6
2016_3599,6
2016_3603,4
2016_3605,6
2016_3614,6
2016_3626,4
2016_3627,2
2016_3633,4
2016_3634,4
2016_3638,1
2016_3640,6
2016_3643,4
2016_3662,4
2016_3666,2
2016_3670,1
2016_3684,6
2016_3687,1
2016_3703,6
2016_3709,4
2016_3712,6
2016_3728,2
2016_3737,1
2016_3740,1
2016_3749,4
2016_3750,6
2016_3755,1
2016_3775,4
2016_3777,6
2016_3783,2
2016_3789,2
2016_3797,6
2016_3809,4
2016_3812,1
2016_3813,1
2016_3818,1
2016_3820,1
2016_3826,2
2016_3836,6
2016_3838,4
2016_3851,6
2016_3861,1
2016_3883,1
2016_3887,4
2016_3904,1
2016_3906,6
2016_3907,6
2016_3909,6
2016_3910,4
2016_3921,2
2016_3923,6
2016_3925,3
2016_3930,4
2016_3934,4
2016_3937,4
2016_3938,4
2016_3949,6
2016_3950,4
2016_3952,4
2016_3953,4
2016_3961,4
2016_3962,6
2016_3964,6
2016_3970,6
2016_3980,4
2016_3981,6
2016_3994,6
2016_3999,4
2016_4003,4
2016_4008,2
2016_4010,4
2016_4014,6
2016_4019,4
2016_4022,6
2016_4026,2
2016_4027,4
2016_4041,5
2016_4052,2
2016_4057,6
2016_4059,3
2016_4063,6
2016_4069,6
2016_4071,6
2016_4073,6
2016_4083,6
2016_4085,1
2016_4096,4
2016_4098,1
2016_4103,5
2016_4109,1
2016_4110,4
2016_4114,6
2016_4115,6
2016_4117,4
2016_4121,6
2016_4122,6
2016_4128,6
2016_4134,4
2016_4136,4
2016_4144,1
2016_4153,4
2016_4158,4
2016_4159,1
2016_4162,6
2016_4163,6
2016_4168,4
2016_4172,4
2016_4181,4
2016_4185,6
2016_4186,4
2016_4187,4
2016_4189,4
2016_4191,5
2016_4192,4
2016_4199,1
2016_4210,4
2016_4216,2
2016_4228,2
2016_4229,6
2016_4239,6
2016_4240,6
2016_4247,4
2016_4249,4
2016_4264,4
2016_4265,6
2016_4266,6
2016_4270,2
2016_4275,4
2016_4276,4
2016_4280,1
2016_4285,4
2016_4290,6
2016_4291,3
2016_4310,4
2016_4318,4
2016_4319,4
2016_4329,6
2016_4338,1
2016_4341,6
2016_4346,6
2016_4350,6
2016_4357,6
2016_5027,2
2016_5031,2
2016_5036,4
2016_5038,2
2016_5039,1
2016_5040,2
2016_5043,2
2016_5047,4
2016_5052,6
2016_5053,6
2016_5056,6
2016_5064,6
2016_5068,6
2016_5077,6
2016_5079,6
2016_5081,6
2016_5083,6
2016_5084,6
2016_5090,6
2016_5091,6
2016_5093,6
2016_5097,6
2016_5098,6
2016_5101,6
2016_5106,6
2016_5107,6
2016_5113,1
2016_5116,4
2016_5122,2
2016_5135,2
2016_5136,6
2016_5147,3
2016_5151,1
2016_5153,1
2016_5154,1
2016_5168,6
2016_5170,5
2016_5171,6
2016_5173,6
2016_5179,6
2016_5182,1
2016_5187,4
2016_5190,2
2016_5196,1
2016_5216,6
2016_5220,6
2016_5222,6
2016_5237,6
2016_5250,2
2016_5254,1
2016_5256,1
2016_5257,1
2016_5262,4
2016_5269,4
2016_5271,1
2016_5272,4
2016_5277,1
2016_5279,4
2016_5290,1
2016_5293,1
2016_5297,1
2016_5301,4
2016_5302,1
2016_5310,2
2016_5314,1
2016_5319,4
2016_5328,4
2016_5331,1
2016_5337,4
2016_5338,4
2016_5340,4
2016_5341,1
2016_5345,4
2016_5353,4
2016_5354,1
2016_5355,4
2016_5357,1
2016_5362,4
2016_5364,4
2016_5367,1
2016_5374,6
2016_5375,1
2016_5379,1
2016_5381,4
2016_5383,6
2016_5385,6
2016_5393,2
2016_5394,2
2016_5399,1
2016_5402,1
2016_5414,4
2016_5415,1
2016_5418,1
2016_5430,4
2016_5432,1
2016_5433,1
2016_5434,1
2016_5436,1
2016_5437,1
2016_5444,6
2016_5455,1
2016_5456,1
2016_5458,5
2016_5459,1
2016_5460,1
2016_5464,6
2016_5467,6
2016_5480,1
2016_5484,1
2016_5486,6
2016_5493,6
2016_5511,1
2016_5512,4
2016_5513,2
2016_5514,1
2016_5518,1
2016_5519,4
2016_5522,1
2016_5524,1
2016_5527,2
2016_5534,4
2016_5542,1
2016_5546,1
2016_5547,1
2016_5552,1
2016_5555,4
2016_5556,4
2016_5563,6
2016_5565,6
2016_5567,6
2016_5574,1
2016_5582,1
2016_5583,3
2016_5589,2
2016_5590,5
2016_5597,1
2016_5609,1
2016_5618,4
2016_5634,4
2016_5635,4
2016_5638,1
2016_5639,1
2016_5643,2
2016_5647,6
2016_5651,6
2016_5658,6
2016_5659,2
2016_5661,1
2016_5662,1
2016_5663,2
2016_5666,6
2016_5672,1
2016_5674,1
2016_5685,1
2016_5698,1
2016_5699,1
2016_5703,1
2016_5706,1
2016_5708,4
2016_5712,1
2016_5714,1
2016_5732,5
2016_5734,4
2016_5736,2
2016_5739,1
2016_5740,4
2016_5742,1
2016_5744,1
2016_5748,6
2016_5756,1
2016_5759,6
2016_5761,1
2016_5763,6
2016_5765,6
2016_5772,6
2016_5774,6
2016_5781,1
2016_5783,6
2016_5788,4
2016_5793,1
2016_5798,6
2016_5815,1
2016_5826,1
2016_5831,1
2016_5843,6
2016_5850,1
2016_5858,1
2016_5859,6
2016_5860,1
2016_5870,1
2016_5873,4
2016_5881,4
2016_5883,6
2016_5889,6
2016_5890,6
2016_5903,4
2016_5906,4
2016_5910,2
2016_5915,1
2016_5929,4
2016_5934,1
2016_5947,1
2016_5949,4
2016_5950,1
2016_5957,4
2016_5958,1
2016_5960,1
2016_5967,2
2016_5970,2
2016_5971,1
2016_5973,4
2016_5980,1
2016_5981,1
2016_5985,4
2016_5987,1
2016_5993,1
2016_5996,4
2016_5997,4
2016_6010,2
2016_6015,1
2016_6016,4
2016_6024,2
2016_6025,1
2016_6028,4
2016_6030,4
2016_6034,1
2016_6037,1
2016_6038,1
2016_6039,6
2016_6041,1
2016_6047,4
2016_6059,1
2016_6062,1
2016_6068,2
2016_6069,1
2016_6073,2
2016_6074,2
2016_6084,2
2016_6086,2
2016_6095,1
2016_6097,4
2016_6100,1
2016_6109,4
2016_6114,2
2016_6119,1
2016_6135,2
2016_6143,4
2016_6148,6
2016_6157,1
2016_6158,1
2016_6160,6
2016_6167,2
2016_6168,4
2016_6169,1
2016_6176,5
2016_6184,2
2016_6185,1
2016_6188,1
2016_6189,1
2016_6195,1
2016_6214,2
2016_6216,4
2016_6220,1
2016_6221,4
2016_6224,4
2016_6226,5
2016_6234,1
2016_6235,6
2016_6245,6
2016_6276,4
2016_6277,4
2016_6283,1
2016_6286,1
2016_6289,4
2016_6292,2
2016_6302,2
2016_6314,4
2016_6328,4
2016_6330,1
2016_6332,1
2016_6333,4
2016_6341,6
2016_6342,4
2016_6344,4
2016_6348,1
2016_6355,6
2016_6356,4
2016_6359,4
2016_6360,4
2016_6361,3
2016_6368,2
2016_6369,1
2016_6375,6
2016_6381,4
2016_6398,1
2016_6409,6
2016_6411,1
2016_6412,1
2016_6415,4
2016_6420,1
2016_6423,1
2016_6428,1
2016_6430,6
2016_6431,4
2016_6434,6
2016_6437,4
2016_6438,4
2016_6448,1
2016_6451,4
2016_6453,1
2016_6454,4
2016_6455,6
2016_6460,1
2016_6467,1
2016_6472,4
2016_6474,4
2016_6485,4
2016_6493,2
2016_6496,6
2016_6498,1
2016_6501,4
2016_6502,6
2016_6511,6
2016_6527,1
2016_6534,1
2016_6535,4
2016_6543,6
2016_6545,1
2016_6554,1
2016_6558,2
2016_6568,4
2016_6570,2
2016_6572,4
2016_6575,6
2016_6578,4
2016_6585,1
2016_6589,1
2016_6594,1
2016_6596,1
2016_6597,1
2016_6603,6
2016_6609,1
2016_6612,6
2016_6613,4
2016_6615,1
2016_6616,1
2016_6622,4
2016_6627,4
2016_6631,1
2016_6645,4
2016_6648,1
2016_6661,6
2016_6666,4
2016_6674,6
2016_6681,2
2016_6683,1
2016_6685,1
2016_6686,1
2016_6688,1
2016_6706,1
2016_6707,4
2016_6715,1
2016_6716,4
2016_6720,1
2016_6724,1
2016_6735,1
2016_6739,6
2016_6743,1
2016_6746,1
2016_6748,4
2016_6760,6
2016_7137,1
2016_7146,3
2016_7154,6
2016_7155,6
2016_7158,6
2016_7168,6
2016_7176,6
2016_7177,6
2016_7191,6
2016_7201,6
2016_7202,2
2016_7206,1
2016_7222,6
2016_7227,6
2016_7231,1
2016_7238,6
2016_7243,6
2016_7244,6
2016_7245,6
2016_7250,4
2016_7251,1
2016_7252,1
2016_7256,1
2016_7257,4
2016_7259,6
2016_7263,1
2016_7277,5
2016_7280,6
2016_7281,6
2016_7285,1
2016_7290,4
2016_7294,1
2016_7317,1
2016_7319,4
2016_7321,1
2016_7323,4
2016_7327,4
2016_7341,6
2016_7343,2
2016_7344,6
2016_7349,6
2016_7351,6
2016_7353,6
2016_7363,1
2016_7365,6
2016_7374,1
2016_7383,6
2016_7386,6
2016_7391,6
2016_7393,6
2016_7395,1
2016_7404,1
2016_7406,2
2016_7409,1
2016_7412,3
2016_7427,4
2016_7431,1
2016_7438,1
2016_7444,1
2016_7448,4
2016_7449,4
2016_7452,1
2016_7455,1
2016_7459,4
2016_7463,4
2016_7468,4
2016_7473,2
2016_7476,4
2016_7482,4
2016_7483,1
2016_7488,2
2016_7492,1
2016_7495,1
2016_7497,4
2016_7499,4
2016_7515,2
2016_7518,1
2016_7522,1
2016_7528,6
2016_7533,6
2016_7539,6
2016_7543,1
2016_7548,4
2016_7550,6
2016_7553,6
2016_7568,1
2016_7569,2
2016_7578,4
2016_7581,4
2016_7583,1
2016_7591,2
2016_7593,4
2016_7596,4
2016_7597,1
2016_7598,1
2016_7599,4
2016_7609,3
2016_7615,6
2016_7617,6
2016_7622,1
2016_7623,2
2016_7624,4
2016_7629,5
2016_7630,5
2016_7632,1
2016_7636,1
2016_7639,1
2016_7640,1
2016_7645,1
2016_7647,1
2016_7650,2
2016_7654,1
2016_7662,2
2016_7664,1
2016_7669,4
2016_7679,1
2016_7682,1
2016_7686,2
2016_7694,2
2016_7698,1
2016_7701,1
2016_7702,1
2016_7712,1
2016_7714,1
2016_7717,2
2016_7719,4
2016_7729,6
2016_7737,4
2016_7743,1
2016_7748,6
2016_7758,6
2016_7772,1
2016_7775,4
2016_7778,1
2016_7787,2
2016_7794,4
2016_7797,1
2016_7798,4
2016_7799,1
2016_7803,2
2016_7804,4
2016_7811,4
2016_7812,1
2016_7818,4
2016_7821,1
2016_7830,1
2016_7836,4
2016_7838,4
2016_7841,6
2016_7844,6
2016_7846,6
2016_7858,6
2016_7868,6
2016_7882,1
2016_7883,1
2016_7887,2
2016_7889,4
2016_7893,4
2016_7895,4
2016_7896,4
2016_7908,4
2016_7912,6
2016_7914,1
2016_7915,2
2016_7920,4
2016_7927,4
2016_7928,4
2016_7933,4
2016_7934,1
2016_7939,4
2016_7940,4
2016_7943,1
2016_7944,4
2016_7945,4
2016_7948,4
2016_7950,4
2016_7961,1
2016_7964,1
2016_7968,4
2016_7979,1
2016_7991,6
2016_8001,4
2016_8008,1
2016_8012,1
2016_8013,1
2016_8016,1
2016_8022,1
2016_8025,4
2016_8026,1
2016_8042,4
2016_8043,1
2016_8045,6
2016_8054,4
2016_8056,4
2016_8058,2
2016_8060,1
2016_8063,1
2016_8064,1
2016_8065,4
2016_8077,6
2016_8083,4
2016_8092,1
2016_8101,4
2016_8107,6
2016_8108,6
2016_8115,6
2016_8116,6
2016_8117,6
2016_8128,1
2016_8130,1
2016_8137,1
2016_8144,1
2016_8148,2
2016_8150,4
2016_8152,1
2016_8153,5
2016_8155,2
2016_8156,2
2016_8159,1
2016_8163,6
2016_8170,1
2016_8172,1
2016_8175,1
2016_8181,4
2016_8184,1
2016_8198,2
2016_8203,1
2016_8205,1
2016_8218,1
2016_8219,1
2016_8235,1
2016_8237,1
2016_8244,4
2016_8250,1
2016_8254,1
2016_8266,1
2016_8269,1
2016_8272,1
2016_8274,4
2016_8277,6
2016_8284,1
2016_8285,1
2016_8289,1
2016_8292,1
2016_8294,1
2016_8301,1
2016_8305,1
2016_8312,2
2016_8314,1
2016_8317,4
2016_8323,1
2016_8325,1
2016_8345,1
2016_8346,1
2016_8362,1
2016_8371,1
2016_8373,1
2016_8379,1
2016_8381,1
2016_8382,1
2016_8389,5
2016_8391,4
2016_8397,2
2016_8400,1
2016_8402,4
2016_8406,3
2016_8413,6
2016_8426,1
2016_8429,1
2016_8430,4
2016_8431,1
2016_8433,2
2016_8436,2
2016_8441,1
2016_8443,1
2016_8448,1
2016_8452,2
2016_8461,1
2016_8474,2
2016_8484,4
2016_8487,2
2016_8489,2
2016_8490,4
2016_8493,4
2016_8495,3
2016_8505,1
2016_8522,4
2016_8532,4
2016_8537,2
2016_8539,4
2016_8542,4
2016_8544,4
2016_8548,2
2016_8549,1
2016_8554,1
2016_8556,1
2016_8558,1
2016_8564,1
2016_8570,4
2016_8573,4
2016_8578,6
2016_8579,4
2016_8581,4
2016_8583,4
2016_8585,4
2016_8597,4
2016_8601,1
2016_8602,6
2016_8603,1
2016_8610,1
2016_8613,6
2016_8623,4
2016_8625,1
2016_8630,1
2016_8633,1
2016_8635,1
2016_8641,2
2016_8659,4
2016_8662,2
2016_8687,1
2016_8688,1
2016_8692,4
2016_8698,1
2016_8699,1
2016_8700,2
2016_8709,4
2016_8715,4
2016_8721,1
2016_8722,4
2016_8732,1
2016_8733,1
2016_8736,4
2016_8739,6
2016_8761,4
2016_8763,3
2016_8772,1
2016_8777,1
2016_8781,1
2016_8788,1
2016_8794,4
2016_8796,2
2016_8807,4
2016_8811,4
2016_8813,1
2016_8821,1
2016_8823,4
2016_8824,1
2016_8830,4
2016_8831,4
2016_8835,4
2016_8840,1
2016_8847,4
2016_8851,1
2016_8854,4
2016_8856,4
2016_8858,4
2016_8861,6
2016_8871,4
2016_8874,4
2016_8876,4
2016_8878,6
2016_8891,3
2016_8901,1
2016_8903,1
2016_8909,1
2016_8912,1
2016_8913,1
2016_8914,2
2016_8916,4
2016_8931,4
2016_8932,6
2016_8943,6
2016_8944,6
2016_8945,6
2016_8946,1
2016_8947,4
2016_8952,1
2016_8953,1
2016_8962,6
2016_8966,1
2016_8986,1
2016_8988,6
2016_8994,2
2016_9001,1
2016_9006,2
2016_9211,2
2016_9219,6
2016_9225,6
2016_9238,6
2016_9247,6
2016_9249,6
2016_9252,6
2016_9260,6
2016_9267,6
2016_9274,6
2016_9279,6
2016_9290,6
2016_9294,6
2016_9302,4
2016_9310,1
2016_9311,1
2016_9317,1
2016_9318,1
2016_9321,1
2016_9333,6
2016_9336,6
2016_9338,6
2016_9343,6
2016_9348,6
2016_9350,3
2016_9352,6
2016_9355,1
2016_9356,6
2016_9359,1
2016_9365,4
2016_9368,6
2016_9369,1
2016_9375,1
2016_9383,1
2016_9392,1
2016_9402,2
2016_9404,4
2016_9406,6
2016_9408,6
2016_9411,6
2016_9412,6
2016_9422,1
2016_9427,2
2016_9433,2
2016_9438,2
2016_9440,1
2016_9441,1
2016_9451,4
2016_9457,4
2016_9458,1
2016_9460,6
2016_9465,4
2016_9467,4
2016_9473,1
2016_9476,1
2016_9482,1
2016_9485,1
2016_9490,1
2016_9501,4
2016_9506,2
2016_9508,1
2016_9509,4
2016_9514,1
2016_9521,4
2016_9526,1
2016_9528,1
2016_9529,2
2016_9532,1
2016_9535,1
2016_9539,1
2016_9544,6
2016_9545,6
2016_9550,2
2016_9555,1
2016_9558,2
2016_9561,4
2016_9564,4
2016_9573,1
2016_9578,6
2016_9581,6
2016_9590,6
2016_9597,6
2016_9599,6
2016_9600,6
2016_9605,6
2016_9610,2
2016_9617,6
2016_9622,4
2016_9628,4
2016_9631,1
2016_9635,1
2016_9637,4
2016_9639,2
2016_9644,6
2016_9647,1
2016_9649,1
2016_9659,1
2016_9661,1
2016_9662,2
2016_9672,1
2016_9679,6
2016_9687,1
2016_9689,2
2016_9692,1
2016_9693,2
2016_9695,2
2016_9696,2
2016_9697,4
2016_9700,4
2016_9706,1
2016_9708,1
2016_9710,1
2016_9719,4
2016_9721,1
2016_9722,1
2016_9725,1
2016_9729,4
2016_9730,2
2016_9734,1
2016_9735,2
2016_9739,6
2016_9746,3
2016_9748,2
2016_9751,2
2016_9753,2
2016_9756,4
2016_9757,1
2016_9758,1
2016_9761,6
2016_9765,3
2016_9766,1
2016_9767,4
2016_9776,6
2016_9782,6
2016_9785,4
2016_9789,1
2016_9790,1
2016_9794,4
2016_9795,1
2016_9802,6
2016_9817,4
2016_9828,4
2016_9832,1
2016_9836,1
2016_9842,3
2016_9852,1
2016_9854,1
2016_9857,1
2016_9865,6
2016_9868,6
2016_9870,6
2016_9871,6
2016_9874,4
2016_9877,1
2016_9881,1
2016_9883,1
2016_9892,6
2016_9897,4
2016_9904,2
2016_9909,6
2016_9910,4
2016_9911,2
2016_9914,2
2016_9915,1
2016_9923,4
2016_9924,4
2016_9939,1
2016_9940,1
2016_9942,4
2016_9947,4
2016_9950,1
2016_9954,1
2016_9957,3
2016_9958,1
2016_9966,1
2016_9975,4
2016_9976,1
2016_9984,1
2016_9985,4
2016_10006,4
2016_10010,2
2016_10011,6
2016_10026,6
2016_10030,6
2016_10037,3
2016_10044,4
2016_10048,6
2016_10049,1
2016_10050,1
2016_10051,2
2016_10052,1
2016_10054,1
2016_10056,2
2016_10060,4
2016_10066,6
2016_10069,2
2016_10071,1
2016_10081,1
2016_10088,4
2016_10090,2
2016_10091,1
2016_10096,2
2016_10099,1
2016_10104,6
2016_10105,6
2016_10109,6
2016_10113,6
2016_10122,1
2016_10133,4
2016_10137,4
2016_10138,4
2016_10140,6
2016_10144,6
2016_10145,6
2016_10147,6
2016_10159,1
2016_10160,2
2016_10161,4
2016_10169,1
2016_10171,2
2016_10173,1
2016_10174,2
2016_10175,1
2016_10182,1
2016_10194,2
2016_10195,1
2016_10197,1
2016_10198,6
2016_10202,4
2016_10204,1
2016_10209,3
2016_10216,4
2016_10224,1
2016_10225,4
2016_10227,1
2016_10241,4
2016_10253,1
2016_10270,2
2016_10278,1
2016_10279,4
2016_10284,2
2016_10289,1
2016_10290,2
2016_10300,2
2016_10307,1
2016_10310,1
2016_10313,2
2016_10316,4
2016_10324,4
2016_10331,1
2016_10335,1
2016_10336,2
2016_10348,1
2016_10349,1
2016_10352,1
2016_10363,2
2016_10369,1
2016_10370,2
2016_10373,6
2016_10375,1
2016_10385,1
2016_10390,2
2016_10400,1
2016_10403,1
2016_10406,1
2016_10408,1
2016_10409,6
2016_10410,3
2016_10419,4
2016_10420,6
2016_10421,1
2016_10450,1
2016_10460,1
2016_10461,4
2016_10464,1
2016_10466,1
2016_10470,1
2016_10473,1
2016_10475,1
2016_10478,2
2016_10481,2
2016_10488,1
2016_10493,4
2016_10518,2
2016_10521,4
2016_10522,1
2016_10530,1
2016_10531,1
2016_10532,1
2016_10542,4
2016_10547,6
2016_10557,4
2016_10564,5
2016_10566,1
2016_10567,1
2016_10602,1
2016_10609,1
2016_10610,1
2016_10611,1
2016_10622,1
2016_10624,4
2016_10629,4
2016_10632,6
2016_10638,4
2016_10642,4
2016_10650,4
2016_10661,4
2016_10662,2
2016_10664,6
2016_10670,4
2016_10676,6
2016_10677,6
2016_10687,6
2016_10690,4
2016_10704,6
2016_10705,6
2016_10709,1
2016_10710,4
2016_10711,4
2016_10713,4
2016_10714,1
2016_10721,4
2016_10722,4
2016_10730,1
2016_10732,1
2016_10734,4
2016_10737,4
2016_10739,1
2016_10740,1
2016_10743,4
2016_10752,4
2016_10760,1
2016_10761,4
2016_10770,1
2016_10787,6
2016_10790,1
2016_10798,3
2016_10803,2
2016_10815,1
2016_10816,4
2016_10818,1
2016_10825,1
2016_10828,1
2016_10836,4
2016_10854,2
2016_10857,4
2016_10863,2
2016_10864,6
2016_10871,1
2016_10873,6
2016_10874,6
2016_10875,6
2016_10880,1
2016_10887,6
2016_10898,6
2016_10899,2
2016_10900,2
2016_10901,6
2016_10903,2
2016_10904,6
2016_10912,1
2016_10914,1
2016_10924,6
2016_10926,1
2016_10931,1
2016_10932,1
2016_10933,4
2016_10939,2
2016_10940,2
2016_10950,6
2016_10951,6
2016_10955,6
2016_10973,1
2016_10980,4
2016_10982,4
2016_10983,1
2016_10985,4
2016_10989,1
2016_10997,1
2016_11001,2
2016_11006,6
2016_11009,6
2016_11014,2
2016_11019,1
2016_11021,3
2016_11352,4
2016_11353,4
2016_11359,6
2016_11363,6
2016_11365,6
2016_11367,3
2016_11372,6
2016_11375,6
2016_11376,6
2016_11382,6
2016_11386,6
2016_11390,6
2016_11394,6
2016_11397,6
2016_11398,6
2016_11400,6
2016_11404,6
2016_11407,6
2016_11408,6
2016_11409,6
2016_11412,6
2016_11416,6
2016_11422,6
2016_11428,6
2016_11434,6
2016_11450,4
2016_11454,6
2016_11465,6
2016_11472,6
2016_11476,6
2016_11477,3
2016_11482,6
2016_11484,6
2016_11493,6
2016_11509,6
2016_11514,2
2016_11517,4
2016_11519,2
2016_11523,4
2016_11527,4
2016_11534,4
2016_11550,6
2016_11552,6
2016_11555,6
2016_11558,2
2016_11562,6
2016_11563,6
2016_11570,4
2016_11583,2
2016_11592,2
2016_11593,1
2016_11594,1
2016_11601,4
2016_11605,6
2016_11607,4
2016_11608,1
2016_11609,1
2016_11610,4
2016_11621,5
2016_11622,1
2016_11627,2
2016_11629,1
2016_11632,4
2016_11643,1
2016_11644,1
2016_11650,4
2016_11656,4
2016_11661,2
2016_11671,1
2016_11677,4
2016_11681,1
2016_11684,6
2016_11691,1
2016_11700,4
2016_11712,6
2016_11713,1
2016_11730,1
2016_11731,6
2016_11732,6
2016_11734,6
2016_11739,1
2016_11741,6
2016_11745,1
2016_11749,1
2016_11753,1
2016_11758,6
2016_11772,4
2016_11773,4
2016_11777,1
2016_11782,1
2016_11793,2
2016_11797,4
2016_11799,4
2016_11804,1
2016_11806,4
2016_11820,6
2016_11821,3
2016_11830,6
2016_11838,2
2016_11845,1
2016_11849,6
2016_11853,3
2016_11856,2
2016_11857,2
2016_11872,1
2016_11873,5
2016_11880,2
2016_11883,4
2016_11884,1
2016_11894,1
2016_11898,1
2016_11899,4
2016_11903,1
2016_11906,1
2016_11907,4
2016_11914,1
2016_11918,4
2016_11929,1
2016_11943,2
2016_11958,4
2016_11974,6
2016_11976,6
2016_11988,6
2016_12005,6
2016_12006,2
2016_12009,6
2016_12011,4
2016_12016,6
2016_12017,4
2016_12030,1
2016_12033,1
2016_12035,4
2016_12043,1
2016_12046,4
2016_12051,1
2016_12052,4
2016_12062,6
2016_12067,6
2016_12070,3
2016_12076,4
2016_12079,1
2016_12084,4
2016_12085,4
2016_12090,6
2016_12096,1
2016_12101,6
2016_12105,4
2016_12109,4
2016_12110,4
2016_12117,1
2016_12121,4
2016_12123,4
2016_12129,4
2016_12130,1
2016_12132,4
2016_12134,2
2016_12139,1
2016_12143,1
2016_12145,1
2016_12150,4
2016_12154,1
2016_12156,1
2016_12163,4
2016_12168,4
2016_12178,6
2016_12181,6
2016_12184,2
2016_12185,1
2016_12189,4
2016_12192,2
2016_12193,1
2016_12195,6
2016_12201,2
2016_12209,5
2016_12213,2
2016_12214,1
2016_12221,1
2016_12225,1
2016_12234,1
2016_12239,1
2016_12242,6
2016_12249,1
2016_12256,2
2016_12263,1
2016_12266,1
2016_12268,6
2016_12273,6
2016_12275,1
2016_12280,1
2016_12284,1
2016_12285,2
2016_12286,1
2016_12289,1
2016_12295,6
2016_12298,1
2016_12299,6
2016_12304,6
2016_12306,6
2016_12308,6
2016_12318,1
2016_12332,1
2016_12333,1
2016_12334,1
2016_12335,2
2016_12345,5
2016_12348,2
2016_12350,1
2016_12354,4
2016_12363,6
2016_12369,1
2016_12377,1
2016_12381,6
2016_12390,1
2016_12398,1
2016_12409,1
2016_12410,2
2016_12412,1
2016_12422,2
2016_12427,4
2016_12429,1
2016_12433,1
2016_12434,1
2016_12436,1
2016_12440,1
2016_12443,1
2016_12446,1
2016_12451,1
2016_12456,1
2016_12459,1
2016_12460,1
2016_12473,1
2016_12478,1
2016_12500,2
2016_12501,2
2016_12507,2
2016_12511,1
2016_12519,1
2016_12520,2
2016_12523,2
2016_12529,2
2016_12533,1
2016_12534,1
2016_12536,2
2016_12543,4
2016_12544,1
2016_12546,5
2016_12548,2
2016_12552,6
2016_12565,2
2016_12568,1
2016_12571,1
2016_12596,4
2016_12602,1
2016_12603,6
2016_12604,1
2016_12606,1
2016_12609,1
2016_12611,1
2016_12618,2
2016_12622,2
2016_12627,1
2016_12632,1
2016_12640,1
2016_12645,1
2016_12650,1
2016_12653,4
2016_12656,1
2016_12659,1
2016_12661,3
2016_12672,4
2016_12674,6
2016_12676,6
2016_12686,1
2016_12687,4
2016_12708,1
2016_12712,1
2016_12714,1
2016_12720,1
2016_12723,2
2016_12731,1
2016_12735,4
2016_12738,4
2016_12758,1
2016_12759,4
2016_12766,2
2016_12773,1
2016_12775,2
2016_12777,1
2016_12787,4
2016_12792,1
2016_12796,4
2016_12799,1
2016_12800,4
2016_12801,6
2016_12803,6
2016_12808,6
2016_12812,6
2016_12813,6
2016_12816,1
2016_12818,6
2016_12821,6
2016_12823,6
2016_12824,2
2016_12826,1
2016_12829,4
2016_12840,1
2016_12841,6
2016_12846,1
2016_12847,1
2016_12850,4
2016_12855,1
2016_12862,1
2016_12866,1
2016_12867,1
2016_12872,1
2016_12874,6
2016_12875,6
2016_12892,1
2016_12895,2
2016_12898,6
2016_12905,1
2016_12906,1
2016_12912,1
2016_12923,5
2016_12931,1
2016_12932,3
2016_12936,5
2016_12950,6
2016_12954,6
2016_12984,1
2016_12987,6
2016_12989,6
2016_12992,5
2016_12995,6
2016_12999,4
2016_13010,1
2016_13016,1
2016_13024,6
2016_13036,1
2016_13038,1
2016_13046,1
2016_13054,1
2016_13069,3
2016_13080,4
2016_13084,1
2016_13087,4
2016_13089,6
2016_13090,6
2016_13091,6
2016_13106,2
2016_13107,1
2016_13111,1
2016_13118,4
2016_13130,2
2016_13131,1
2016_13138,2
2016_13383,4
2016_13385,6
2016_13386,6
2016_13389,6
2016_13394,3
2016_13395,6
2016_13408,6
2016_13427,6
2016_13428,6
2016_13433,6
2016_13434,6
2016_13436,6
2016_13439,6
2016_13448,6
2016_13449,6
2016_13453,6
2016_13456,6
2016_13457,6
2016_13458,6
2016_13465,6
2016_13478,6
2016_13479,6
2016_13483,1
2016_13484,1
2016_13489,6
2016_13494,3
2016_13496,6
2016_13503,1
2016_13514,6
2016_13517,6
2016_13519,6
2016_13522,6
2016_13524,5
2016_13529,1
2016_13532,4
2016_13534,6
2016_13535,6
2016_13537,3
2016_13548,4
2016_13550,4
2016_13553,6
2016_13564,6
2016_13572,1
2016_13579,1
2016_13584,1
2016_13586,4
2016_13603,4
2016_13607,1
2016_13608,4
2016_13609,4
2016_13610,1
2016_13611,6
2016_13617,4
2016_13622,4
2016_13624,1
2016_13630,6
2016_13640,6
2016_13650,2
2016_13654,2
2016_13674,3
2016_13679,4
2016_13683,4
2016_13692,2
2016_13694,1
2016_13699,4
2016_13700,1
2016_13704,4
2016_13717,4
2016_13718,4
2016_13721,1
2016_13723,4
2016_13725,4
2016_13727,4
2016_13730,4
2016_13738,4
2016_13739,4
2016_13743,4
2016_13747,6
2016_13750,2
2016_13751,6
2016_13753,4
2016_13756,4
2016_13766,1
2016_13770,6
2016_13773,2
2016_13774,2
2016_13781,1
2016_13783,6
2016_13784,4
2016_13786,1
2016_13798,1
2016_13804,6
2016_13809,6
2016_13813,6
2016_13821,6
2016_13823,5
2016_13824,6
2016_13826,6
2016_13828,6
2016_13831,6
2016_13835,5
2016_13837,4
2016_13838,4
2016_13848,6
2016_13849,6
2016_13851,6
2016_13852,6
2016_13853,6
2016_13854,6
2016_13856,6
2016_13859,6
2016_13872,1
2016_13878,1
2016_13881,4
2016_13882,1
2016_13888,1
2016_13895,4
2016_13911,1
2016_13914,4
2016_13920,4
2016_13925,6
2016_13928,3
2016_13936,6
2016_13938,6
2016_13940,6
2016_13950,6
2016_13958,1
2016_13960,2
2016_13961,6
2016_13966,6
2016_13981,1
2016_13982,6
2016_13983,6
2016_13984,6
2016_13986,1
2016_13991,1
2016_13992,6
2016_13993,5
2016_14001,1
2016_14005,1
2016_14008,1
2016_14016,2
2016_14028,1
2016_14029,1
2016_14031,6
2016_14044,6
2016_14046,4
2016_14051,6
2016_14054,4
2016_14060,1
2016_14070,1
2016_14075,6
2016_14076,6
2016_14091,6
2016_14092,6
2016_14101,6
2016_14103,2
2016_14109,2
2016_14111,1
2016_14120,1
2016_14122,2
2016_14130,1
2016_14137,4
2016_14139,1
2016_14143,4
2016_14145,4
2016_14147,4
2016_14155,4
2016_14156,4
2016_14159,2
2016_14164,1
2016_14174,6
2016_14177,1
2016_14179,6
2016_14180,6
2016_14185,3
2016_14191,5
2016_14192,6
2016_14195,6
2016_14198,6
2016_14206,2
2016_14212,2
2016_14231,6
2016_14233,4
2016_14237,6
2016_14240,6
2016_14242,1
2016_14245,2
2016_14248,4
2016_14251,4
2016_14252,4
2016_14257,4
2016_14258,2
2016_14259,2
2016_14262,4
2016_14268,1
2016_14270,4
2016_14280,4
2016_14282,1
2016_14295,4
2016_14303,1
2016_14307,6
2016_14313,6
2016_14314,6
2016_14319,1
2016_14322,2
2016_14324,6
2016_14330,1
2016_14334,5
2016_14338,6
2016_14339,1
2016_14354,1
2016_14362,1
2016_14368,6
2016_14371,6
2016_14374,6
2016_14380,1
2016_14387,4
2016_14428,1
2016_14440,6
2016_14441,4
2016_14451,6
2016_14456,6
2016_14469,4
2016_14471,1
2016_14485,1
2016_14486,1
2016_14494,1
2016_14499,1
2016_14501,1
2016_14520,1
2016_14526,1
2016_14527,6
2016_14530,2
2016_14540,1
2016_14546,2
2016_14555,1
2016_14559,1
2016_14561,4
2016_14566,2
2016_14582,1
2016_14583,2
2016_14584,1
2016_14588,2
2016_14593,1
2016_14595,2
2016_14597,4
2016_14598,1
2016_14600,1
2016_14606,4
2016_14613,2
2016_14615,1
2016_14617,2
2016_14618,1
2016_14619,4
2016_14622,4
2016_14624,1
2016_14629,4
2016_14631,1
2016_14634,1
2016_14636,1
2016_14660,1
2016_14663,2
2016_14672,1
2016_14674,2
2016_14676,2
2016_14680,2
2016_14692,1
2016_14693,5
2016_14699,6
2016_14712,2
2016_14713,2
2016_14717,1
2016_14718,4
2016_14721,2
2016_14726,4
2016_14731,4
2016_14745,1
2016_14758,2
2016_14762,5
2016_14781,4
2016_14783,4
2016_14787,6
2016_14789,2
2016_14798,6
2016_14800,6
2016_14810,6
2016_14811,1
2016_14817,4
2016_14833,1
2016_14836,4
2016_14839,6
2016_14843,1
2016_14852,2
2016_14854,1
2016_14866,1
2016_14877,4
2016_14884,6
2016_14886,4
2016_14887,4
2016_14888,1
2016_14890,1
2016_14892,1
2016_14893,1
2016_14907,1
2016_14914,1
2016_14922,1
2016_14924,1
2016_14925,4
2016_14927,4
2016_14928,1
2016_14933,4
2016_14934,4
2016_14940,1
2016_14942,4
2016_14949,1
2016_14950,4
2016_14952,1
2016_14957,4
2016_14961,4
2016_14964,4
2016_14967,4
2016_14974,1
2016_14975,4
2016_14978,1
2016_14983,1
2016_14985,4
2016_14990,1
2016_14994,1
2016_15001,4
2016_15004,1
2016_15010,6
2016_15016,4
2016_15027,1
2016_15032,6
2016_15033,6
2016_15035,6
2016_15042,6
2016_15050,1
2016_15051,1
2016_15053,6
2016_15056,6
2016_15059,4
2016_15064,1
2016_15065,1
2016_15066,4
2016_15067,1
2016_15071,2
2016_15072,4
2016_15079,1
2016_15090,1
2016_15111,1
2016_15114,2
2016_15115,1
2016_15117,2
2016_15118,1
2016_15128,5
2016_15130,1
2016_15134,1
2016_15135,6
2016_15141,6
2016_15142,6
2016_15147,1
2016_15152,1
2016_15162,4
2016_15166,4
2016_15170,4
2016_15181,4
2016_15183,4
2016_15184,4
2016_15186,1
2016_15189,4
2016_15195,1
2016_15196,4
2016_15205,5
2016_15212,6
2016_15219,6
2016_15220,6
2016_15226,6
2016_15227,6
2016_15234,6
2016_15241,6
2016_15242,1
2016_15245,6
2016_15247,2
2016_15249,6
2016_15250,2
2016_15262,6
2016_15266,6
2016_15267,6
2016_15287,1
2016_15289,6
2016_15296,1
2016_15297,1
2016_15299,2
2016_15300,2
2016_15301,1
2016_15306,6
2016_15308,1
2016_15309,1
2016_15315,6
2016_15322,2
2016_15330,1
2016_15332,6
2016_15342,6
2016_15348,4
2016_15360,1
2016_15367,6
2016_15374,6
2016_15379,1
2016_15391,6
2016_15396,6
2016_15401,1
2016_15763,4
2016_15766,6
2016_15771,6
2016_15774,6
2016_15779,3
2016_15783,3
2016_15786,6
2016_15797,6
2016_15803,6
2016_15805,6
2016_15806,6
2016_15807,6
2016_15812,6
2016_15814,6
2016_15821,6
2016_15825,6
2016_15826,1
2016_15834,1
2016_15835,1
2016_15836,4
2016_15841,2
2016_15849,1
2016_15869,1
2016_15870,6
2016_15881,6
2016_15887,6
2016_15898,6
2016_15902,1
2016_15908,1
2016_15909,6
2016_15915,1
2016_15925,1
2016_15929,1
2016_15938,2
2016_15940,2
2016_15943,1
2016_15944,1
2016_15946,1
2016_15948,4
2016_15952,1
2016_15955,4
2016_15959,4
2016_15961,1
2016_15970,4
2016_15983,4
2016_15991,4
2016_15992,2
2016_15996,1
2016_15998,4
2016_16006,6
2016_16009,6
2016_16010,6
2016_16011,6
2016_16013,6
2016_16023,1
2016_16024,1
2016_16027,1
2016_16033,6
2016_16038,2
2016_16048,2
2016_16050,6
2016_16054,4
2016_16058,4
2016_16060,2
2016_16061,1
2016_16069,6
2016_16071,6
2016_16077,1
2016_16078,2
2016_16080,2
2016_16083,1
2016_16086,2
2016_16091,1
2016_16105,3
2016_16114,1
2016_16115,2
2016_16120,1
2016_16125,1
2016_16126,2
2016_16133,4
2016_16134,1
2016_16137,4
2016_16139,1
2016_16143,1
2016_16162,2
2016_16165,6
2016_16169,4
2016_16181,4
2016_16188,1
2016_16199,2
2016_16205,1
2016_16213,1
2016_16215,6
2016_16217,4
2016_16222,1
2016_16229,6
2016_16232,6
2016_16234,1
2016_16235,6
2016_16236,6
2016_16243,6
2016_16248,6
2016_16258,6
2016_16268,6
2016_16269,6
2016_16270,6
2016_16275,6
2016_16276,6
2016_16286,6
2016_16287,6
2016_16290,1
2016_16297,6
2016_16306,6
2016_16310,1
2016_16315,6
2016_16319,1
2016_16329,4
2016_16332,4
2016_16338,4
2016_16339,2
2016_16343,1
2016_16351,4
2016_16353,1
2016_16357,1
2016_16358,1
2016_16364,4
2016_16365,1
2016_16367,4
2016_16376,6
2016_16381,6
2016_16382,6
2016_16384,1
2016_16385,1
2016_16397,1
2016_16409,1
2016_16411,5
2016_16413,5
2016_16415,6
2016_16426,1
2016_16435,4
2016_16436,2
2016_16440,2
2016_16442,4
2016_16448,4
2016_16449,1
2016_16454,2
2016_16459,2
2016_16461,1
2016_16465,4
2016_16467,4
2016_16469,4
2016_16470,1
2016_16487,2
2016_16489,1
2016_16500,4
2016_16501,4
2016_16503,1
2016_16514,1
2016_16517,4
2016_16518,4
2016_16523,6
2016_16524,4
2016_16527,2
2016_16532,6
2016_16537,1
2016_16547,1
2016_16554,4
2016_16555,3
2016_16558,2
2016_16562,6
2016_16566,1
2016_16568,4
2016_16570,6
2016_16574,1
2016_16578,6
2016_16580,2
2016_16587,1
2016_16588,4
2016_16596,4
2016_16600,1
2016_16606,6
2016_16608,1
2016_16613,4
2016_16619,4
2016_16631,1
2016_16633,4
2016_16638,1
2016_16639,1
2016_16641,2
2016_16645,1
2016_16647,1
2016_16651,5
2016_16653,2
2016_16665,1
2016_16667,4
2016_16673,6
2016_16674,6
2016_16680,6
2016_16684,6
2016_16701,4
2016_16713,1
2016_16725,2
2016_16728,1
2016_16729,1
2016_16735,1
2016_16740,4
2016_16743,6
2016_16744,1
2016_16752,2
2016_16753,1
2016_16755,4
2016_16760,4
2016_16767,1
2016_16768,2
2016_16774,1
2016_16783,2
2016_16785,1
2016_16786,2
2016_16790,6
2016_16791,4
2016_16792,2
2016_16795,4
2016_16797,1
2016_16802,1
2016_16804,2
2016_16811,2
2016_16818,1
2016_16826,1
2016_16827,6
2016_16830,3
2016_16832,1
2016_16837,6
2016_16845,1
2016_16848,6
2016_16852,6
2016_16857,1
2016_16859,1
2016_16860,6
2016_16861,6
2016_16872,6
2016_16878,1
2016_16881,2
2016_16886,4
2016_16889,2
2016_16892,1
2016_16897,1
2016_16907,6
2016_16908,6
2016_16925,2
2016_16926,4
2016_16928,1
2016_16931,2
2016_16942,1
2016_16945,1
2016_16947,1
2016_16950,1
2016_16951,1
2016_16953,1
2016_16955,1
2016_16958,6
2016_16966,6
2016_16970,6
2016_16977,6
2016_16989,4
2016_16995,1
2016_17002,4
2016_17004,1
2016_17006,1
2016_17014,2
2016_17017,1
2016_17019,1
2016_17024,4
2016_17027,2
2016_17034,1
2016_17045,1
2016_17048,6
2016_17051,2
2016_17057,1
2016_17060,4
2016_17064,4
2016_17069,1
2016_17072,1
2016_17083,1
2016_17086,1
2016_17087,2
2016_17090,1
2016_17094,1
2016_17109,2
2016_17111,6
2016_17115,2
2016_17117,1
2016_17124,5
2016_17126,4
2016_17128,1
2016_17129,4
2016_17131,4
2016_17132,4
2016_17133,2
2016_17143,2
2016_17151,1
2016_17155,4
2016_17179,1
2016_17186,2
2016_17191,4
2016_17195,1
2016_17212,1
2016_17214,1
2016_17216,1
2016_17223,1
2016_17224,6
2016_17227,2
2016_17236,1
2016_17240,4
2016_17246,1
2016_17248,1
2016_17254,1
2016_17256,4
2016_17260,1
2016_17264,4
2016_17267,4
2016_17273,1
2016_17276,1
2016_17283,1
2016_17294,2
2016_17299,4
2016_17307,1
2016_17309,4
2016_17315,4
2016_17324,2
2016_17325,1
2016_17328,1
2016_17329,2
2016_17332,4
2016_17333,4
2016_17338,1
2016_17339,2
2016_17343,2
2016_17347,2
2016_17355,5
2016_17358,1
2016_17361,1
2016_17362,1
2016_17370,1
2016_17373,1
2016_17374,1
2016_17378,5
2016_17387,1
2016_17390,2
2016_17395,1
2016_17399,4
2016_17405,1
2016_17413,6
2016_17415,1
2016_17418,1
2016_17420,1
2016_17433,1
2016_17438,1
2016_17439,1
2016_17440,1
2016_17443,1
2016_17445,1
2016_17449,1
2016_17452,1
2016_17455,2
2016_17463,4
2016_17471,1
2016_17473,1
2016_17476,2
2016_17478,2
2016_17491,4
2016_17493,4
2016_17494,1
2016_17497,1
2016_17498,6
2016_17499,1
2016_17508,2
2016_17511,1
2016_17513,2
2016_17515,4
2016_17530,1
2016_17540,4
2016_17554,4
2016_17557,4
2016_17562,1
2016_17563,1
2016_17567,1
2016_17568,1
2016_17569,1
2016_17578,1
2016_17586,4
2016_17595,1
2016_17599,4
2016_17602,1
2016_17607,1
2016_17609,4
2016_17618,4
2016_17629,1
2016_17638,1
2016_17639,1
2016_17649,3
2016_17650,1
2016_17662,1
2016_17669,6
2016_17678,1
2016_17681,6
2016_17682,6
2016_17689,1
2016_17690,1
2016_17691,6
2016_17700,1
2016_17704,1
2016_17709,1
2016_17710,2
2016_17711,1
2016_17738,2
2016_17739,6
2016_17744,6
2016_17751,1
2016_17752,6
2016_17754,5
2016_17756,4
2016_17762,1
2016_17765,6
2016_17771,1
2016_17779,1
2016_17783,1
2016_17793,4
2016_17794,1
2016_17802,6
2016_17810,1
2016_17818,6
2016_17820,1
2016_17823,6
2016_17826,1
2016_17830,6
2016_17839,6
2016_17846,4
2016_17858,1
2016_17867,1
2016_17874,4
2016_17876,1
2016_17879,6
2016_17887,6
2016_17890,6
2016_17891,6
2016_17893,6
2016_17897,6
2016_17900,6
2016_17903,6
2016_17905,6
2016_17911,1
2016_17912,6
2016_17913,6
2016_17914,6
2016_17925,3
2016_17927,1
2016_17937,6
2016_17952,6
2016_17954,6
2016_17963,1
2016_17964,1
2016_17969,4
2016_17971,6
2016_17973,6
2016_17977,4
2016_17978,2
2016_17984,6
2016_17988,6
2016_17990,1
2016_17995,1
2016_17997,6
2016_18002,1
2016_18011,1
2016_18016,1
2016_18019,2
2016_18021,1
2016_18025,1
2016_18026,6
2016_18030,1
2016_18033,6
2016_18042,4
2016_18052,6
2016_18061,1
2016_18066,1
2016_18071,4
2016_18074,4
2016_18077,2
2016_18081,1
2016_18093,4
2016_18107,6
2016_18118,4
2016_18119,1
2016_18123,2
2016_18435,6
2016_18451,6
2016_18453,6
2016_18458,6
2016_18466,6
2016_18478,6
2016_18484,6
2016_18490,1
2016_18492,1
2016_18496,1
2016_18503,2
2016_18504,6
2016_18505,6
2016_18513,1
2016_18514,4
2016_18515,6
2016_18518,1
2016_18540,1
2016_18544,6
2016_18546,6
2016_18549,1
2016_18551,4
2016_18576,2
2016_18579,2
2016_18596,4
2016_18598,1
2016_18599,1
2016_18602,2
2016_18608,6
2016_18627,6
2016_18628,1
2016_18630,1
2016_18639,3
2016_18647,4
2016_18648,1
2016_18651,3
2016_18657,1
2016_18662,1
2016_18663,2
2016_18667,1
2016_18671,4
2016_18683,4
2016_18685,1
2016_18689,4
2016_18693,4
2016_18695,2
2016_18698,1
2016_18709,4
2016_18712,1
2016_18724,4
2016_18728,4
2016_18741,4
2016_18747,1
2016_18748,4
2016_18749,1
2016_18750,4
2016_18754,1
2016_18755,4
2016_18775,1
2016_18776,6
2016_18777,1
2016_18779,1
2016_18785,1
2016_18790,6
2016_18792,6
2016_18798,1
2016_18803,6
2016_18805,1
2016_18808,6
2016_18814,5
2016_18818,1
2016_18826,6
2016_18832,4
2016_18835,1
2016_18837,2
2016_18840,4
2016_18842,4
2016_18845,4
2016_18869,1
2016_18871,1
2016_18890,1
2016_18900,1
2016_18901,6
2016_18905,4
2016_18907,2
2016_18911,1
2016_18923,1
2016_18927,1
2016_18934,1
2016_18936,1
2016_18939,4
2016_18944,4
2016_18946,1
2016_18964,4
2016_18971,1
2016_18973,1
2016_18974,1
2016_18978,4
2016_18980,1
2016_18983,2
2016_18997,1
2016_19014,5
2016_19018,6
2016_19020,1
2016_19021,1
2016_19024,3
2016_19029,6
2016_19034,1
2016_19036,3
2016_19041,4
2016_19044,1
2016_19049,1
2016_19063,1
2016_19064,1
2016_19067,4
2016_19068,1
2016_19069,1
2016_19072,1
2016_19079,4
2016_19080,4
2016_19081,4
2016_19084,4
2016_19087,1
2016_19090,3
2016_19096,6
2016_19105,6
2016_19111,2
2016_19118,4
2016_19121,2
2016_19123,6
2016_19126,1
2016_19139,2
2016_19141,1
2016_19144,1
2016_19145,2
2016_19147,1
2016_19148,1
2016_19150,1
2016_19151,2
2016_19160,1
2016_19161,2
2016_19174,1
2016_19176,1
2016_19178,1
2016_19179,2
2016_19186,1
2016_19192,4
2016_19195,4
2016_19199,4
2016_19203,4
2016_19207,1
2016_19210,1
2016_19214,4
2016_19219,2
2016_19228,1
2016_19230,1
2016_19233,1
2016_19237,1
2016_19245,1
2016_19255,6
2016_19258,1
2016_19264,1
2016_19282,6
2016_19286,2
2016_19297,6
2016_19298,6
2016_19303,6
2016_19305,5
2016_19307,4
2016_19312,4
2016_19324,1
2016_19325,1
2016_19329,1
2016_19335,1
2016_19344,1
2016_19347,2
2016_19349,1
2016_19352,1
2016_19353,1
2016_19361,1
2016_19365,1
2016_19368,1
2016_19371,4
2016_19376,2
2016_19378,6
2016_19386,4
2016_19395,1
2016_19401,1
2016_19402,1
2016_19409,2
2016_19416,2
2016_19417,2
2016_19423,4
2016_19439,4
2016_19450,1
2016_19463,4
2016_19465,2
2016_19466,2
2016_19469,2
2016_19475,1
2016_19476,1
2016_19488,6
2016_19491,5
2016_19493,2
2016_19494,6
2016_19497,1
2016_19506,1
2016_19511,4
2016_19519,4
2016_19525,4
2016_19528,4
2016_19534,1
2016_19537,1
2016_19540,2
2016_19543,2
2016_19546,4
2016_19547,2
2016_19549,2
2016_19575,2
2016_19576,2
2016_19579,1
2016_19590,2
2016_19596,2
2016_19597,1
2016_19615,6
2016_19616,1
2016_19620,1
2016_19624,2
2016_19631,1
2016_19633,1
2016_19634,1
2016_19636,4
2016_19641,4
2016_19648,4
2016_19649,4
2016_19652,1
2016_19653,4
2016_19656,4
2016_19665,1
2016_19671,4
2016_19672,6
2016_19674,6
2016_19688,4
2016_19689,4
2016_19693,6
2016_19696,1
2016_19699,4
2016_19701,1
2016_19704,4
2016_19708,1
2016_19712,1
2016_19721,4
2016_19735,6
2016_19739,4
2016_19745,4
2016_19746,1
2016_19747,4
2016_19749,1
2016_19752,4
2016_19758,1
2016_19759,1
2016_19763,1
2016_19768,2
2016_19769,1
2016_19772,1
2016_19773,1
2016_19774,1
2016_19776,2
2016_19780,4
2016_19782,1
2016_19789,1
2016_19791,4
2016_19799,6
2016_19804,6
2016_19812,6
2016_19832,4
2016_19834,6
2016_19855,2
2016_19862,1
2016_19873,1
2016_19874,1
2016_19876,1
2016_19882,4
2016_19891,1
2016_19893,1
2016_19898,4
2016_19899,1
2016_19900,4
2016_19902,1
2016_19904,4
2016_19910,4
2016_19912,4
2016_19916,4
2016_19924,4
2016_19926,4
2016_19929,4
2016_19934,1
2016_19944,2
2016_19954,6
2016_19960,1
2016_19961,2
2016_19962,2
2016_19964,6
2016_19967,6
2016_19968,6
2016_19971,6
2016_19978,6
2016_19991,3
2016_19992,1
2016_19994,6
2016_19995,2
2016_20014,1
2016_20017,1
2016_20022,2
2016_20029,6
2016_20033,2
2016_20036,1
2016_20045,6
2016_20046,6
2016_20051,6
2016_20053,1
2016_20057,1
2016_20059,1
2016_20061,2
2016_20062,2
2016_20065,6
2016_20066,2
2016_20070,1
2016_20071,1
2016_20076,6
2016_20077,2
2016_20079,4
2016_20088,1
2016_20094,1
2016_20095,6
2016_20102,1
2016_20113,3
2016_20114,3
2016_20121,1
2016_20124,4
2016_20129,6
2016_20134,1
2016_20137,6
2016_20141,6
2016_20145,4
2016_20147,2
2016_20155,1
2016_20509,6
2016_20510,6
2016_20514,6
2016_20516,6
2016_20521,6
2016_20529,6
2016_20530,6
2016_20534,6
2016_20555,6
2016_20565,6
2016_20567,6
2016_20576,2
2016_20577,6
2016_20591,6
2016_20597,1
2016_20599,4
2016_20601,1
2016_20602,4
2016_20604,2
2016_20612,6
2016_20615,1
2016_20618,1
2016_20619,1
2016_20626,6
2016_20627,4
2016_20640,6
2016_20656,6
2016_20657,4
2016_20681,2
2016_20682,4
2016_20683,1
2016_20688,4
2016_20695,1
2016_20697,1
2016_20699,1
2016_20708,1
2016_20711,1
2016_20712,4
2016_20717,1
2016_20722,5
2016_20723,4
2016_20726,6
2016_20733,6
2016_20740,1
2016_20741,1
2016_20743,2
2016_20744,1
2016_20753,1
2016_20759,6
2016_20766,1
2016_20777,2
2016_20780,1
2016_20781,4
2016_20787,4
2016_20789,1
2016_20792,1
2016_20794,4
2016_20804,1
2016_20807,1
2016_20809,4
2016_20815,4
2016_20818,1
2016_20821,2
2016_20822,2
2016_20823,6
2016_20843,4
2016_20846,1
2016_20847,1
2016_20850,4
2016_20853,4
2016_20858,2
2016_20862,4
2016_20875,6
2016_20882,1
2016_20896,6
2016_20897,6
2016_20898,6
2016_20901,6
2016_20905,6
2016_20916,6
2016_20919,6
2016_20923,2
2016_20925,6
2016_20928,4
2016_20933,4
2016_20941,4
2016_20959,1
2016_20968,4
2016_20979,6
2016_20982,6
2016_20984,6
2016_20987,6
2016_20990,6
2016_20995,6
2016_20996,6
2016_20998,6
2016_20999,1
2016_21010,5
2016_21011,2
2016_21014,2
2016_21019,4
2016_21028,1
2016_21035,4
2016_21043,2
2016_21046,1
2016_21050,1
2016_21058,2
2016_21060,4
2016_21062,2
2016_21070,4
2016_21073,4
2016_21086,2
2016_21087,5
2016_21088,1
2016_21090,2
2016_21091,4
2016_21094,1
2016_21096,4
2016_21102,1
2016_21103,2
2016_21107,4
2016_21108,4
2016_21123,4
2016_21132,6
2016_21141,4
2016_21147,6
2016_21148,2
2016_21156,6
2016_21158,4
2016_21159,2
2016_21162,4
2016_21166,4
2016_21173,1
2016_21199,1
2016_21203,2
2016_21219,1
2016_21233,4
2016_21240,3
2016_21246,6
2016_21258,6
2016_21260,2
2016_21270,2
2016_21278,1
2016_21282,1
2016_21297,4
2016_21311,1
2016_21314,4
2016_21323,1
2016_21325,1
2016_21333,1
2016_21334,2
2016_21339,4
2016_21344,1
2016_21362,2
2016_21365,4
2016_21370,5
2016_21373,1
2016_21375,2
2016_21389,1
2016_21392,1
2016_21395,1
2016_21398,1
2016_21408,1
2016_21417,6
2016_21421,4
2016_21422,2
2016_21427,1
2016_21428,6
2016_21429,6
2016_21434,2
2016_21440,1
2016_21443,1
2016_21460,6
2016_21463,6
2016_21470,6
2016_21478,1
2016_21484,4
2016_21485,1
2016_21491,3
2016_21493,6
2016_21498,2
2016_21502,1
2016_21507,6
2016_21508,4
2016_21510,4
2016_21522,5
2016_21525,6
2016_21527,6
2016_21529,6
2016_21531,1
2016_21543,1
2016_21544,1
2016_21546,2
2016_21548,1
2016_21551,1
2016_21554,2
2016_21555,1
2016_21558,1
2016_21571,1
2016_21579,4
2016_21580,1
2016_21585,1
2016_21586,1
2016_21587,2
2016_21596,4
2016_21598,1
2016_21607,4
2016_21615,2
2016_21618,1
2016_21626,6
2016_21630,1
2016_21632,1
2016_21633,1
2016_21634,4
2016_21636,2
2016_21645,2
2016_21652,1
2016_21663,2
2016_21664,1
2016_21665,1
2016_21669,1
2016_21678,1
2016_21700,2
2016_21713,1
2016_21718,1
2016_21729,1
2016_21730,2
2016_21736,3
2016_21741,1
2016_21748,1
2016_21752,1
2016_21754,1
2016_21757,2
2016_21762,1
2016_21771,2
2016_21776,1
2016_21791,2
2016_21797,1
2016_21807,2
2016_21808,2
2016_21812,6
2016_21820,1
2016_21831,1
2016_21836,1
2016_21838,1
2016_21841,1
2016_21846,1
2016_21852,6
2016_21870,1
2016_21880,1
2016_21888,1
2016_21893,1
2016_21897,1
2016_21901,1
2016_21904,4
2016_21920,6
2016_21923,6
2016_21928,1
2016_21935,1
2016_21943,1
2016_21956,1
2016_21957,1
2016_21961,4
2016_21968,1
2016_21978,6
2016_21982,6
2016_21984,1
2016_21985,1
2016_21986,1
2016_21989,6
2016_22007,1
2016_22008,1
2016_22010,1
2016_22015,4
2016_22024,4
2016_22031,4
2016_22042,1
2016_22045,4
2016_22048,4
2016_22062,1
2016_22063,1
2016_22065,6
2016_22070,3
2016_22075,1
2016_22079,4
2016_22082,1
2016_22086,1
2016_22088,1
2016_22098,6
2016_22106,1
2016_22117,2
2016_22122,1
2016_22123,1
2016_22127,6
2016_22130,4
2016_22131,1
2016_22150,1
2016_22169,4
2016_22176,6
2016_22199,1
2016_22200,6
2016_22202,1
2016_22205,4
2016_22207,4
2016_22210,1
2016_22218,1
2016_22219,1
2016_22222,4
2016_22223,1
2016_22224,4
2016_22232,1
2016_22233,4
2016_22234,1
2016_22245,6
2016_22247,6
2016_22264,6
2016_22265,6
2016_22270,6
2016_22278,6
2016_22280,6
2016_22284,4
2016_22287,6
2016_22293,6
2016_22294,1
2016_22295,6
2016_22298,6
2016_22300,6
2016_22305,4
2016_22315,4
2016_22316,1
2016_22319,1
2016_22327,6
2016_22331,6
2016_22337,1
2016_22343,1
2016_22345,1
2016_22346,1
2016_22353,1
2016_22362,1
2016_22363,4
2016_22364,1
2016_22372,6
2016_22378,1
2016_22381,4
2016_22400,6
2016_22401,2
2016_22406,6
2016_22407,2
2016_22412,1
2016_22416,1
2016_22423,6
2016_22427,2
2016_22435,1
2016_22436,6
2016_22441,1
2016_22784,1
2016_22792,6
2016_22806,6
2016_22813,6
2016_22819,6
2016_22821,6
2016_22822,6
2016_22824,6
2016_22840,6
2016_22842,3
2016_22852,6
2016_22854,6
2016_22886,6
2016_22887,4
2016_22890,6
2016_22893,6
2016_22898,4
2016_22901,6
2016_22907,6
2016_22908,4
2016_22923,4
2016_22938,1
2016_22941,4
2016_22946,1
2016_22962,6
2016_22964,1
2016_22967,6
2016_22979,6
2016_22989,1
2016_22991,1
2016_22995,1
2016_23003,1
2016_23005,6
2016_23011,1
2016_23014,6
2016_23018,4
2016_23019,1
2016_23020,4
2016_23023,6
2016_23025,2
2016_23031,2
2016_23032,4
2016_23034,4
2016_23035,2
2016_23038,1
2016_23058,4
2016_23073,6
2016_23075,1
2016_23077,1
2016_23082,4
2016_23094,6
2016_23095,6
2016_23096,1
2016_23098,1
2016_23102,4
2016_23105,4
2016_23107,4
2016_23117,6
2016_23127,6
2016_23129,1
2016_23137,6
2016_23145,6
2016_23152,6
2016_23154,2
2016_23157,6
2016_23158,6
2016_23169,6
2016_23170,6
2016_23171,6
2016_23188,1
2016_23202,1
2016_23208,6
2016_23210,4
2016_23222,4
2016_23224,6
2016_23228,1
2016_23232,1
2016_23234,1
2016_23237,4
2016_23239,4
2016_23240,4
2016_23241,4
2016_23258,3
2016_23267,6
2016_23270,6
2016_23305,1
2016_23308,1
2016_23313,6
2016_23316,1
2016_23329,1
2016_23341,2
2016_23356,4
2016_23361,4
2016_23362,4
2016_23369,4
2016_23381,2
2016_23387,2
2016_23392,1
2016_23409,4
2016_23412,4
2016_23416,4
2016_23422,2
2016_23427,4
2016_23445,1
2016_23448,1
2016_23450,6
2016_23451,6
2016_23454,4
2016_23469,4
2016_23478,2
2016_23481,1
2016_23486,2
2016_23488,1
2016_23498,4
2016_23500,4
2016_23507,4
2016_23509,1
2016_23511,4
2016_23514,1
2016_23535,3
2016_23542,6
2016_23548,6
2016_23550,1
2016_23551,2
2016_23553,6
2016_23557,6
2016_23560,6
2016_23562,6
2016_23569,2
2016_23576,1
2016_23577,4
2016_23579,4
2016_23583,6
2016_23585,6
2016_23594,2
2016_23596,2
2016_23600,2
2016_23607,4
2016_23610,4
2016_23626,4
2016_23627,4
2016_23633,4
2016_23646,1
2016_23649,4
2016_23651,1
2016_23653,1
2016_23669,1
2016_23682,6
2016_23683,1
2016_23689,6
2016_23690,6
2016_23691,6
2016_23694,2
2016_23697,4
2016_23699,6
2016_23700,2
2016_23701,6
2016_23706,4
2016_23708,1
2016_23720,6
2016_23737,1
2016_23757,6
2016_23760,6
2016_23761,6
2016_23764,6
2016_23772,1
2016_23777,1
2016_23779,4
2016_23784,6
2016_23786,6
2016_23789,1
2016_23794,4
2016_23797,1
2016_23802,1
2016_23812,1
2016_23813,1
2016_23815,1
2016_23816,2
2016_23824,4
2016_23827,1
2016_23836,2
2016_23837,6
2016_23843,1
2016_23850,1
2016_23851,2
2016_23857,1
2016_23861,1
2016_23863,1
2016_23868,1
2016_23873,4
2016_23901,2
2016_23902,1
2016_23903,1
2016_23907,1
2016_23917,4
2016_23926,1
2016_23927,2
2016_23928,2
2016_23934,1
2016_23954,4
2016_23955,1
2016_23960,2
2016_23971,1
2016_23973,2
2016_23975,2
2016_23980,1
2016_23990,2
2016_24007,1
2016_24013,4
2016_24021,1
2016_24023,4
2016_24024,1
2016_24032,2
2016_24034,1
2016_24035,1
2016_24051,1
2016_24052,1
2016_24056,2
2016_24057,2
2016_24064,1
2016_24070,2
2016_24071,2
2016_24074,1
2016_24075,2
2016_24082,1
2016_24083,1
2016_24085,4
2016_24086,1
2016_24088,6
2016_24093,6
2016_24101,6
2016_24110,4
2016_24114,4
2016_24123,1
2016_24132,4
2016_24140,2
2016_24142,1
2016_24144,2
2016_24149,4
2016_24158,6
2016_24166,1
2016_24172,4
2016_24173,1
2016_24174,2
2016_24179,1
2016_24181,1
2016_24183,1
2016_24194,1
2016_24202,4
2016_24204,1
2016_24208,1
2016_24211,1
2016_24212,4
2016_24213,1
2016_24214,1
2016_24220,4
2016_24223,1
2016_24225,6
2016_24230,4
2016_24236,6
2016_24238,2
2016_24247,1
2016_24249,4
2016_24251,4
2016_24261,6
2016_24268,2
2016_24269,1
2016_24280,1
2016_24281,2
2016_24283,1
2016_24287,3
2016_24300,6
2016_24305,1
2016_24311,1
2016_24313,1
2016_24315,1
2016_24317,1
2016_24321,4
2016_24331,6
2016_24340,6
2016_24348,4
2016_24350,4
2016_24376,4
2016_24378,4
2016_24379,2
2016_24380,6
2016_24384,4
2016_24385,2
2016_24388,6
2016_24390,6
2016_24392,2
2016_24394,6
2016_24402,6
2016_24409,1
2016_24415,1
2016_24419,6
2016_24422,1
2016_24429,6
2016_24430,6
2016_24450,1
2016_24451,1
2016_24453,1
2016_24464,6
2016_24473,2
2016_24483,6
2016_24487,1
2016_24488,6
2016_24489,6
2016_24497,1
2016_24503,4
2016_24504,1
2016_24509,2
2016_24510,4
2016_24511,4
2016_24512,1
2016_24516,6
2016_24519,4
2016_24520,1
2016_24524,1
2016_24533,1
2016_24537,1
2016_24541,6
2016_24543,6
2016_24548,6
2016_24553,1
2016_24556,6
2016_24557,6
2016_25387,2
2016_25393,1
2016_25396,2
2016_25398,2
2016_25401,6
2016_25408,6
2016_25417,6
2016_25424,6
2016_25439,6
2016_25447,6
2016_25470,6
2016_25489,6
2016_25492,6
2016_25493,6
2016_25494,6
2016_25498,6
2016_25499,6
2016_25504,6
2016_25507,1
2016_25513,6
2016_25521,6
2016_25524,6
2016_25530,6
2016_25536,6
2016_25538,1
2016_25539,1
2016_25540,1
2016_25546,6
2016_25561,6
2016_25563,6
2016_25564,6
2016_25565,6
2016_25568,6
2016_25586,6
2016_25599,4
2016_25601,1
2016_25602,6
2016_25605,1
2016_25609,1
2016_25610,1
2016_25611,6
2016_25637,4
2016_25642,4
2016_25644,1
2016_25646,1
2016_25647,4
2016_25649,2
2016_25654,4
2016_25658,6
2016_25664,6
2016_25673,1
2016_25675,1
2016_25680,6
2016_25681,6
2016_25683,4
2016_25686,3
2016_25687,2
2016_25693,6
2016_25695,2
2016_25696,1
2016_25700,6
2016_25702,4
2016_25724,1
2016_25725,1
2016_25732,4
2016_25736,4
2016_25738,1
2016_25748,1
2016_25754,1
2016_25765,1
2016_25766,1
2016_25767,4
2016_25773,1
2016_25774,2
2016_25778,1
2016_25780,1
2016_25783,1
2016_25794,4
2016_25797,1
2016_25798,1
2016_25803,1
2016_25808,1
2016_25814,1
2016_25817,1
2016_25818,1
2016_25820,1
2016_25824,1
2016_25840,4
2016_25842,2
2016_25847,4
2016_25848,4
2016_25856,6
2016_25859,6
2016_25866,1
2016_25876,6
2016_25877,1
2016_25879,1
2016_25886,6
2016_25888,6
2016_25892,1
2016_25900,1
2016_25903,6
2016_25905,6
2016_25919,4
2016_25921,1
2016_25922,1
2016_25924,2
2016_25925,6
2016_25928,1
2016_25932,1
2016_25943,4
2016_25971,2
2016_25977,6
2016_25978,6
2016_25982,6
2016_25983,6
2016_25985,6
2016_25988,6
2016_25989,6
2016_25991,6
2016_26000,6
2016_26003,6
2016_26005,2
2016_26006,6
2016_26009,6
2016_26040,1
2016_26045,1
2016_26047,2
2016_26049,4
2016_26052,1
2016_26066,2
2016_26071,1
2016_26077,4
2016_26087,1
2016_26124,6
2016_26125,6
2016_26129,1
2016_26133,6
2016_26141,6
2016_26143,1
2016_26144,1
2016_26145,6
2016_26149,1
2016_26152,2
2016_26154,1
2016_26157,4
2016_26158,1
2016_26178,1
2016_26180,1
2016_26182,1
2016_26184,1
2016_26186,6
2016_26190,2
2016_26191,4
2016_26193,1
2016_26194,1
2016_26196,4
2016_26198,4
2016_26207,1
2016_26208,1
2016_26215,1
2016_26218,4
2016_26223,1
2016_26225,4
2016_26233,3
2016_26235,6
2016_26239,6
2016_26240,6
2016_26245,6
2016_26255,1
2016_26264,1
2016_26269,4
2016_26272,1
2016_26273,1
2016_26282,2
2016_26284,4
2016_26287,1
2016_26292,1
2016_26310,4
2016_26315,4
2016_26316,4
2016_26325,4
2016_26329,1
2016_26333,1
2016_26334,1
2016_26344,1
2016_26346,4
2016_26348,4
2016_26349,2
2016_26352,4
2016_26357,4
2016_26362,1
2016_26366,1
2016_26371,4
2016_26374,4
2016_26376,1
2016_26385,1
2016_26405,6
2016_26410,6
2016_26414,6
2016_26415,6
2016_26419,1
2016_26424,1
2016_26433,6
2016_26441,6
2016_26444,6
2016_26445,1
2016_26446,2
2016_26452,1
2016_26455,1
2016_26461,6
2016_26464,6
2016_26467,2
2016_26469,1
2016_26471,6
2016_26478,3
2016_26489,6
2016_26490,2
2016_26495,1
2016_26497,6
2016_26499,1
2016_26504,4
2016_26509,4
2016_26515,4
2016_26523,6
2016_26530,1
2016_26531,1
2016_26536,1
2016_26537,1
2016_26543,4
2016_26549,6
2016_26556,1
2016_26564,1
2016_26568,1
2016_26580,2
2016_26586,1
2016_26589,1
2016_26591,1
2016_26592,2
2016_26602,1
2016_26608,2
2016_26609,4
2016_26610,2
2016_26612,1
2016_26617,1
2016_26635,6
2016_26640,2
2016_26644,1
2016_26647,1
2016_26648,1
2016_26650,1
2016_26651,4
2016_26666,4
2016_26670,1
2016_26674,2
2016_26676,1
2016_26677,2
2016_26684,4
2016_26685,1
2016_26688,1
2016_26690,5
2016_26692,2
2016_26696,2
2016_26699,1
2016_26700,1
2016_26701,1
2016_26708,2
2016_26714,1
2016_26721,1
2016_26725,1
2016_26726,1
2016_26729,2
2016_26735,6
2016_26736,4
2016_26745,1
2016_26748,1
2016_26762,2
2016_26763,2
2016_26765,4
2016_26770,4
2016_26772,4
2016_26787,6
2016_26791,4
2016_26793,4
2016_26797,2
2016_26798,1
2016_26802,1
2016_26808,4
2016_26809,4
2016_26815,1
2016_26821,4
2016_26823,1
2016_26830,1
2016_26834,1
2016_26835,2
2016_26837,4
2016_26838,1
2016_26846,6
2016_26847,1
2016_26850,4
2016_26858,1
2016_26864,1
2016_26866,1
2016_26868,1
2016_26869,1
2016_26874,1
2016_26879,1
2016_26882,4
2016_26883,4
2016_26885,6
2016_26888,4
2016_26898,4
2016_26900,4
2016_26901,4
2016_26912,2
2016_26916,1
2016_26923,1
2016_26928,1
2016_26939,4
2016_26941,1
2016_26942,6
2016_26945,2
2016_26946,2
2016_26947,1
2016_26950,1
2016_26958,4
2016_26967,6
2016_26972,6
2016_26977,1
2016_26980,1
2016_26983,6
2016_26987,4
2016_26991,2
2016_26995,2
2016_26997,4
2016_26999,1
2016_27003,2
2016_27021,4
2016_27029,6
2016_27043,6
2016_27045,4
2016_27050,4
2016_27056,4
2016_27061,2
2016_27069,1
2016_27070,4
2016_27071,2
2016_27074,2
2016_27080,6
2016_27081,1
2016_27083,6
2016_27085,1
2016_27086,1
2016_27087,6
2016_27090,6
2016_27095,3
2016_27096,3
2016_27097,5
2016_27105,6
2016_27125,1
2016_27132,1
2016_27138,1
2016_27142,1
2016_27143,1
2016_27149,6
2016_27151,6
2016_27155,1
2016_27161,2
2016_27170,1
2016_27173,1
2016_27174,6
2016_27184,6
2016_27185,4
2016_27191,1
2016_27200,4
2016_27203,6
2016_27208,2
2016_27209,2
2016_27211,4
2016_27215,1
2016_27224,6
2016_27232,1
2016_27246,6
2016_27266,1
2016_27273,2
2016_27276,4
2016_27281,6
2016_27284,4
2016_27290,1
2016_27304,1
2016_27308,2
2016_27311,1
2016_27319,6
2016_27321,1
2016_27342,1
2016_27345,1
2016_27350,6
2016_27354,6
2016_27360,4
2016_27363,4
